Oid;SyncId;Code;Label1;Label2;Item;CreationDate;CreatedBy;LastModificationDate;ModifiedBy;Blocked;BlockedBy;BlockedDate;OptimisticLockField;MaxOptions;TotalQuantity;TotalVWAP;Validate;Type;ProductionTimeOfUnit;ProductionCostPerUnit;WarehouseProd;WarehouseStore;WarehouseDest;CostCalcMethod;BlockedFormula;TypeFormule;Changeable;BatchSubstitution;MethodOfValuation;Price;ResponsibilityCenter;IsQuarantineWarehouse;VisibleEverywherer;PML;DoNotLoadComponentPrice
349;;ECO ASS;Formule pour le produit  ECO ASSAMBLAGE;;349;2025-01-10 21:03:22;Admin;;;;;;0;;;;t;;;;;;;;;;;;;;;;;;
34;;RFR160;Formule pour le produit  RENFORT ECO MAXI 160;;34;2024-01-06 14:19:35;Admin;;;;;;0;;;;t;;;;;;;;;;;;;;;;;;
40;;CJP0128;Formule pour le produit  CACHES JUPES P/PLAT S 160;;40;2024-01-06 14:19:36;Admin;;;;;;0;;;;t;;;;;;;;;;;;;;;;;;
41;;CJP0068;Formule pour le produit  CACHES JUPES P/PLAT  100;;41;2024-01-06 14:19:36;Admin;;;;;;0;;;;t;;;;;;;;;;;;;;;;;;
42;;CJP0108;Formule pour le produit  CACHES JUPES P/PLAT S 140;;42;2024-01-06 14:19:36;Admin;;;;;;0;;;;t;;;;;;;;;;;;;;;;;;
43;;CJTW098;Formule pour le produit  CACHES JUPES TWIZI 120/140;;43;2024-01-06 14:19:37;Admin;;;;;;0;;;;t;;;;;;;;;;;;;;;;;;
44;;CJTW1600;Formule pour le produit  CACHES JUPES TWIZI 160;;44;2024-01-06 14:19:37;Admin;;;;;;0;;;;t;;;;;;;;;;;;;;;;;;
46;;CJP0148;Formule pour le produit  CACHES JUPES P/PLAT S 180;;46;2024-01-06 14:19:37;Admin;;;;;;0;;;;t;;;;;;;;;;;;;;;;;;
47;;IMP007;Formule pour le produit  CHAISE IMPERIAL TRIPLETTE LUXE SKY EPOXY ;;47;2024-01-06 14:19:37;Admin;;;;;;0;;;;t;;;;;;;;;;;;;;;;;;
49;;IMP005;Formule pour le produit  CHAISE IMPERIAL TRIPLETTE LUXE TISSU EPOXY ;;49;2024-01-06 14:19:37;Admin;;;;;;0;;;;t;;;;;;;;;;;;;;;;;;
52;;IMP001;Formule pour le produit  CHAISE IMPERIAL LUXE TISSU EPOXY ;;52;2024-01-06 14:19:38;Admin;;;;;;0;;;;t;;;;;;;;;;;;;;;;;;
54;;P38120;"Formule pour le produit  PIED METAL TRAPEZ     M 70 120/140
";;54;2024-01-06 14:19:38;Admin;;;;;;0;;;;t;;;;;;;;;;;;;;;;;;
55;;CJPG160;Formule pour le produit  CACHE JUPE GAMER   160;;55;2024-01-06 14:19:38;Admin;;;;;;0;;;;t;;;;;;;;;;;;;;;;;;
56;;P35000;Formule pour le produit  PIED METAL MAXI   M60;;56;2024-01-06 14:19:38;Admin;;;;;;0;;;;t;;;;;;;;;;;;;;;;;;
57;;P40B60;Formule pour le produit  PIED METAL TABLE BASSE  MEGA  Z;;57;2024-01-06 14:19:38;Admin;;;;;;0;;;;t;;;;;;;;;;;;;;;;;;
59;;P39075;Formule pour le produit  PIED METAL ECO SLIM      M75;;59;2024-01-06 14:19:39;Admin;;;;;;0;;;;t;;;;;;;;;;;;;;;;;;
61;;P35800;Formule pour le produit  STRUCTURE METALIQUE  MAXI M60  180;;61;2024-01-06 14:19:39;Admin;;;;;;0;;;;t;;;;;;;;;;;;;;;;;;
64;;PTR0800E;Formule pour le produit  PIED METAL TABLE DE REUNION    ECO   M 80;;64;2024-01-06 14:19:39;Admin;;;;;;0;;;;t;;;;;;;;;;;;;;;;;;
68;;P40000;Formule pour le produit  PIED METAL MEGA Z;;68;2024-01-06 14:19:40;Admin;;;;;;0;;;;t;;;;;;;;;;;;;;;;;;
71;;CJPG120;Formule pour le produit  CACHE JUPE GAMER   120;;71;2024-01-06 14:19:40;Admin;;;;;;0;;;;t;;;;;;;;;;;;;;;;;;
73;;P381680;Formule pour le produit  PIED METAL TRAPEZ     M 70 160/180 ;;73;2024-01-06 14:19:40;Admin;;;;;;0;;;;t;;;;;;;;;;;;;;;;;;
74;;P39060;Formule pour le produit  PIED METAL ECO SLIM      M 60 ;;74;2024-01-06 14:19:40;Admin;;;;;;0;;;;t;;;;;;;;;;;;;;;;;;
75;;TAB0002;Formule pour le produit  TABLE DE DECHARGE 50x50 M65 140;;75;2024-01-06 14:19:41;Admin;;;;;;0;;;;t;;;;;;;;;;;;;;;;;;
76;;P36060;Formule pour le produit  PIED METAL MAXI SLIM M 60;;76;2024-01-06 14:19:41;Admin;;;;;;0;;;;t;;;;;;;;;;;;;;;;;;
84;;PATLS5050;Formule pour le produit  PIED METAL ATLAS M 80/120;;84;2024-01-06 14:19:42;Admin;;;;;;0;;;;t;;;;;;;;;;;;;;;;;;
85;;CJPG140;Formule pour le produit  CACHE JUPE GAMER  140 ;;85;2024-01-06 14:19:42;Admin;;;;;;0;;;;t;;;;;;;;;;;;;;;;;;
87;;P31000;Formule pour le produit  PIED METAL ECO STAR ;;87;2024-01-06 14:19:42;Admin;;;;;;0;;;;t;;;;;;;;;;;;;;;;;;
94;;P35600;Formule pour le produit  STRUCTURE METALIQUE  MAXI M60  160;;94;2024-01-06 14:19:43;Admin;;;;;;0;;;;t;;;;;;;;;;;;;;;;;;
98;;P35400;Formule pour le produit  STRUCTURE METALIQUE  MAXI M60  140;;98;2024-01-06 14:19:43;Admin;;;;;;0;;;;t;;;;;;;;;;;;;;;;;;
101;;STABEC01;Formule pour le produit  SOCLE TABLETTE ECRITOIRE;;101;2024-01-06 14:19:44;Admin;;;;;;0;;;;t;;;;;;;;;;;;;;;;;;
103;;P35200;Formule pour le produit  STRUCTURE METALIQUE  MAXI M60  120;;103;2024-01-06 14:19:44;Admin;;;;;;0;;;;t;;;;;;;;;;;;;;;;;;
105;;PCF544;Formule pour le produit  PIECS DE FEXATION PLATAUX ;;105;2024-01-06 14:19:44;Admin;;;;;;0;;;;t;;;;;;;;;;;;;;;;;;
106;;PCLZR95;Formule pour le produit  PIECE DE FEXATION PIETEMENTS;;106;2024-01-06 14:19:44;Admin;;;;;;0;;;;t;;;;;;;;;;;;;;;;;;
158;;SDLZ004;Formule pour le produit  SOUS TRAITANCE DECOUPE LASER JUPE;;158;2024-01-06 14:19:51;Admin;;;;;;0;;;;t;;;;;;;;;;;;;;;;;;
159;;SDPF001;Formule pour le produit  SOUS TRAITANCE DECOUPE PIECE DE FEXATION PLATEAU ;;159;2024-01-06 14:19:51;Admin;;;;;;0;;;;t;;;;;;;;;;;;;;;;;;
237;;P36070;Formule pour le produit  PIED METAL MAXI SLIM M 70;;237;2024-01-07 15:34:16;Admin;;;;;;0;;;;t;;;;;;;;;;;;;;;;;;
238;;P36075;Formule pour le produit  PIED METAL MAXI SLIM M 75;;238;2024-01-07 15:36:44;Admin;;;;;;0;;;;t;;;;;;;;;;;;;;;;;;
239;;PS34750;Formule pour le produit  PIED METAL  ECO M 75    SOUDEE            ;;239;2024-01-07 15:55:09;Admin;;;;;;0;;;;t;;;;;;;;;;;;;;;;;;
242;;PS35000;Formule pour le produit  PIED METAL MAXI  M60           SOUDEE            ;;242;2024-01-07 16:16:32;Admin;;;;;;0;;;;t;;;;;;;;;;;;;;;;;;
243;;PS35075;Formule pour le produit  PIED METAL MAXI M 75           SOUDEE            ;;243;2024-01-07 16:19:57;Admin;;;;;;0;;;;t;;;;;;;;;;;;;;;;;;
244;;CJPZ140;Formule pour le produit  CACHE JUPE MEGA Z / Z ONE 140;;244;2024-01-07 16:33:46;Admin;;;;;;0;;;;t;;;;;;;;;;;;;;;;;;
245;;CJPZ120;Formule pour le produit  CACHE JUPE MEGA Z / Z ONE 120;;245;2024-01-07 16:33:53;Admin;;;;;;0;;;;t;;;;;;;;;;;;;;;;;;
246;;CJPZ160;Formule pour le produit  CACHE JUPE MEGA Z / Z ONE 160;;246;2024-01-07 16:33:56;Admin;;;;;;0;;;;t;;;;;;;;;;;;;;;;;;
250;;P34100;Formule pour le produit   PIED METAL ECO BASE  M 60  SOUDEE;;250;2024-01-12 17:12:17;Admin;;;;;;0;;;;t;;;;;;;;;;;;;;;;;;
251;;PTR1000E;Formule pour le produit  PIED METAL TABLE DE REUNION    ECO   M 100;;251;2024-01-12 17:22:14;Admin;;;;;;0;;;;t;;;;;;;;;;;;;;;;;;
252;;PTR1200E;Formule pour le produit  PIED METAL TABLE DE REUNION    ECO   M 120;;252;2024-01-12 17:26:09;Admin;;;;;;0;;;;t;;;;;;;;;;;;;;;;;;
255;;PTR1200;Formule pour le produit  PIED METAL TABLE DE REUNION     MAXI   M 120;;255;2024-01-12 17:47:41;Admin;;;;;;0;;;;t;;;;;;;;;;;;;;;;;;
256;;P37100;Formule pour le produit  PIED METAL STATION MAXI 2  M 100;;256;2024-01-12 17:59:38;Admin;;;;;;0;;;;t;;;;;;;;;;;;;;;;;;
257;;PTR1000;Formule pour le produit  PIED METAL TABLE DE REUNION     MAXI   M 100;;257;2024-01-12 18:02:29;Admin;;;;;;0;;;;t;;;;;;;;;;;;;;;;;;
241;;P34750;Formule pour le produit  PIED METAL ECO  M75;;239;2024-01-07 16:09:45;Admin;;;;;;0;;;;t;;;;;;;;;;;;;;;;;;
240;;P35750;Formule pour le produit  PIED METAL MAXI   M75;;243;2024-01-07 16:06:19;Admin;;;;;;0;;;;t;;;;;;;;;;;;;;;;;;
65;7974dc8f-9b2e-413d-9919-deb452b63ff7;PS34000;Formule pour le produit  PIED METAL  ECO M 60    SOUDEE            ;;65;2024-01-06 14:19:39;Admin;2025-11-04 14:44:42.595599;admin;f;;;1;0;23.25000000;1740.39270500;t;0;0.0000;0.0000;;;;0;0;0;f;f;0;0.00000000;;f;f;0.00000000;f
88;f7583d11-d22b-4cac-96e2-fb6d76f8baf4;P37120;Formule pour le produit  PIED METAL STATION MAXI 2  M 120;;88;2024-01-06 14:19:42;Admin;2025-11-17 16:14:56.613169;admin;f;;;1;0;38.30000000;3037.43465500;t;0;0.0000;0.0000;;;;0;0;0;f;f;0;0.00000000;;f;f;0.00000000;f
258;;P37080;Formule pour le produit  PIED METAL STATION MAXI 2  M 80;;258;2024-01-12 18:04:31;Admin;;;;;;0;;;;t;;;;;;;;;;;;;;;;;;
265;;CJTW1800;Formule pour le produit  CACHES JUPES TWIZI 180;;265;2024-01-12 19:03:57;Admin;;;;;;0;;;;t;;;;;;;;;;;;;;;;;;
266;;STR80240;Formule pour le produit  STRUCTURE TABLE DE REUNION MAXI M 80 PLAT/240 ;;266;2024-01-12 20:01:22;Admin;;;;;;0;;;;t;;;;;;;;;;;;;;;;;;
267;;STR80200;Formule pour le produit  STRUCTURE TABLE DE REUNION MAXI M 80 PLAT/200;;267;2024-01-12 20:05:17;Admin;;;;;;0;;;;t;;;;;;;;;;;;;;;;;;
268;;STR100240;Formule pour le produit  STRUCTURE TABLE DE REUNION MAXI M 100 PLAT/240 ;;268;2024-01-12 20:07:41;Admin;;;;;;0;;;;t;;;;;;;;;;;;;;;;;;
269;;STR100200;Formule pour le produit  STRUCTURE TABLE DE REUNION MAXI M 100 PLAT/200;;269;2024-01-12 20:09:53;Admin;;;;;;0;;;;t;;;;;;;;;;;;;;;;;;
270;;STR120200;Formule pour le produit  STRUCTURE TABLE DE REUNION MAXI M 120 PLAT/200;;270;2024-01-12 20:13:35;Admin;;;;;;0;;;;t;;;;;;;;;;;;;;;;;;
271;;STR120240;Formule pour le produit  STRUCTURE TABLE DE REUNION MAXI M 120 PLAT/240 ;;271;2024-01-12 20:13:35;Admin;;;;;;0;;;;t;;;;;;;;;;;;;;;;;;
272;;STR80280;Formule pour le produit  STRUCTURE TABLE DE REUNION MAXI M 80 PLAT/280;;272;2024-01-12 20:18:27;Admin;;;;;;0;;;;t;;;;;;;;;;;;;;;;;;
273;;PSTR800;Formule pour le produit  PIED METAL TABLE DE REUNION    ECO   M 80    SOUDEE;;273;2024-02-08 12:07:08;Admin;;;;;;0;;;;t;;;;;;;;;;;;;;;;;;
278;;CJPZ180;Formule pour le produit  CACHE JUPE MEGA Z / Z ONE 180;;278;2025-01-02 13:00:41;Admin;;;;;;0;;;;t;;;;;;;;;;;;;;;;;;
280;;P41B60;Formule pour le produit   PIED METAL TABLE BASSE  Z ONE;;280;2025-01-02 13:06:04;Admin;;;;;;0;;;;t;;;;;;;;;;;;;;;;;;
282;;PG42000;Formule pour le produit   PIED METAL GAMER   ;;282;2025-01-02 13:34:12;Admin;;;;;;0;;;;t;;;;;;;;;;;;;;;;;;
284;;P32000;Formule pour le produit   PIED METAL MAXI  STAR   ;;284;2025-01-02 14:00:05;Admin;;;;;;0;;;;t;;;;;;;;;;;;;;;;;;
285;;CJP0158N;Formule pour le produit  CACHES JUPES P/PLAT 180;;285;2025-01-02 14:06:28;Admin;;;;;;0;;;;t;;;;;;;;;;;;;;;;;;
287;;CJP0118N;Formule pour le produit  CACHES JUPES P/PLAT 140;;287;2025-01-02 14:10:03;Admin;;;;;;0;;;;t;;;;;;;;;;;;;;;;;;
288;;CJP0138N;Formule pour le produit  CACHES JUPES P/PLAT 160;;288;2025-01-02 14:10:56;Admin;;;;;;0;;;;t;;;;;;;;;;;;;;;;;;
297;;P34000CJB;Formule pour le produit  PIED METAL ECO CJ BOIS  M 60 ;;297;2025-01-03 15:47:35;Admin;;;;;;0;;;;t;;;;;;;;;;;;;;;;;;
298;;PTR0600;Formule pour le produit   PIED METAL TABLE DE REUNION     MAXI   M 60;;298;2025-01-03 16:08:37;Admin;;;;;;0;;;;t;;;;;;;;;;;;;;;;;;
299;;P34001;Formule pour le produit   PIED METAL ECO M 41;;299;2025-01-03 16:17:02;Admin;;;;;;0;;;;t;;;;;;;;;;;;;;;;;;
327;;IMP003;Formule pour le produit  CHAISE IMPERIAL LUXE SKAI EPOXY ;;327;2025-01-07 20:22:23;Admin;;;;;;0;;;;t;;;;;;;;;;;;;;;;;;
328;;IMP002;Formule pour le produit  CHAISE IMPERIAL LUXE TISSU CHROMEE;;328;2025-01-07 20:34:25;Admin;;;;;;0;;;;t;;;;;;;;;;;;;;;;;;
329;;IMP004;Formule pour le produit  CHAISE IMPERIAL LUXE SKAI CHROMEE;;329;2025-01-07 20:58:35;Admin;;;;;;0;;;;t;;;;;;;;;;;;;;;;;;
332;;SCL0015;Formule pour le produit  SOCLE  CHAISE IMPERIAL  CHROMEE;;332;2025-01-08 11:12:39;Admin;;;;;;0;;;;t;;;;;;;;;;;;;;;;;;
350;;ECO VIS;Formule pour le produit  ECO VISSAGE ;;350;2025-01-10 21:04:49;Admin;;;;;;0;;;;t;;;;;;;;;;;;;;;;;;
351;;ECO COP;Formule pour le produit  ECO COUPE ;;351;2025-01-10 21:09:29;Admin;;;;;;0;;;;t;;;;;;;;;;;;;;;;;;
359;;P34R00;Formule pour le produit  PIED METAL ECO RENFORT  M 60;;359;2025-01-16 14:37:32;Admin;;;;;;0;;;;t;;;;;;;;;;;;;;;;;;
361;;SBPB1600;Formule pour le produit  BANC PUBLIQUE 1600;;361;2025-01-17 13:07:22;Admin;;;;;;0;;;;t;;;;;;;;;;;;;;;;;;
363;;TL6040180X80;Formule pour le produit  TABLE DE LECTURE 60X40 180X80;;363;2025-01-17 15:03:09;Admin;;;;;;0;;;;t;;;;;;;;;;;;;;;;;;
364;;TL120;"Formule pour le produit  TABLE DE LECTURE 60 X 30 70 X 120
";;364;2025-01-17 16:19:36;Admin;;;;;;0;;;;t;;;;;;;;;;;;;;;;;;
365;;TL40160;Formule pour le produit  TABLE DE LECTURE T 40 X 40 160;;365;2025-01-17 16:29:55;Admin;;;;;;0;;;;t;;;;;;;;;;;;;;;;;;
371;;TBU55X55;Formule pour le produit   PIED METAL TABLE   BASSE  U  SOUDEE 60 X 30 ;;371;2025-01-17 19:30:38;Admin;;;;;;0;;;;t;;;;;;;;;;;;;;;;;;
372;;RNFZ120;"Formule pour le produit  RENFORT MEGA Z 120
";;372;2025-01-21 10:34:35;Admin;;;;;;0;;;;t;;;;;;;;;;;;;;;;;;
374;;RNFZ140;"Formule pour le produit  RENFORT MEGA Z 140
";;374;2025-01-21 11:03:54;Admin;;;;;;0;;;;t;;;;;;;;;;;;;;;;;;
375;;RNFZ160;"Formule pour le produit  RENFORT MEGA Z 160
";;375;2025-01-21 11:04:30;Admin;;;;;;0;;;;t;;;;;;;;;;;;;;;;;;
376;;RNFZ180;"Formule pour le produit  RENFORT MEGA Z 180
";;376;2025-01-21 11:04:34;Admin;;;;;;0;;;;t;;;;;;;;;;;;;;;;;;
377;;KIT006;Formule pour le produit   KIT CHAISE IMPERIAL  REMBOURET  SKAI;;377;2025-01-22 13:19:50;Admin;;;;;;0;;;;t;;;;;;;;;;;;;;;;;;
378;;STBT30;"Formule pour le produit  SUPPORT TABLE BASSE 30*30 
";;378;2025-01-22 17:18:57;Admin;;;;;;0;;;;t;;;;;;;;;;;;;;;;;;
379;;SBU;Formule pour le produit  STRUCTURE BUR FORME UXXXXXXXXXXXXXXXXXXXXXXXXXXXXXXX;;379;2025-01-22 17:20:41;Admin;;;;;;0;;;;t;;;;;;;;;;;;;;;;;;
380;;SMC6040;Formule pour le produit  STRUCTURE METALIQUE ECO 60 X 40 180;;380;2025-01-22 17:24:08;Admin;;;;;;0;;;;t;;;;;;;;;;;;;;;;;;
381;;TMLRD21;Formule pour le produit  TABLE METALLIQUE LOURD 2 X 1 ;;381;2025-01-22 17:27:15;Admin;;;;;;0;;;;t;;;;;;;;;;;;;;;;;;
383;;STR30M120;Formule pour le produit  STRUCTURE TABLE DE REUNION M120 30 X 30;;383;2025-01-22 19:19:48;Admin;;;;;;0;;;;t;;;;;;;;;;;;;;;;;;
386;;PMZ1400;Formule pour le produit  STRUCTURE MEGA Z 140;;386;2025-01-27 14:07:38;Admin;;;;;;0;;;;t;;;;;;;;;;;;;;;;;;
387;;PMZ1600;Formule pour le produit  STRUCTURE MEGA Z 160;;387;2025-01-27 14:08:45;Admin;;;;;;0;;;;t;;;;;;;;;;;;;;;;;;
388;;PMZ1800;Formule pour le produit  STRUCTURE MEGA Z 180;;388;2025-01-27 14:10:25;Admin;;;;;;0;;;;t;;;;;;;;;;;;;;;;;;
391;;P37140;Formule pour le produit   PIED METAL STATION MAXI 2  M 140;;391;2025-02-03 17:42:35;Admin;;;;;;0;;;;t;;;;;;;;;;;;;;;;;;
260;3403af3b-e157-4bcc-a290-7da51fb825ef;PTRE1000;Formule pour le produit  PIED METAL EXTANTION  T REUNION MAXI/ECO M 100;;260;2024-01-12 18:18:36;Admin;2025-11-12 13:36:51.596115;MASSY;f;;;1;0;27.17000000;1536.26970300;t;0;0.0000;0.0000;;;;0;0;0;f;f;0;0.00000000;;f;f;0.00000000;f
283;a00f3bd6-3b45-44f2-ae3b-8b6b99617846;P60600;Formule pour le produit   PIED METAL TABLE BASS ECO  SOUDEE ;;283;2025-01-02 13:54:49;Admin;2025-11-19 16:04:38.045752;admin;f;;;1;0;27.94700000;1284.70914510;t;0;0.0000;0.0000;;;;0;0;0;f;f;0;0.00000000;;f;f;0.00000000;f
330;d44a9f54-a969-4bdb-bd24-b25b6230e5eb;SCL0014;Formule pour le produit  SOCLE  CHAISE IMPERIAL EPOXY;;330;2025-01-08 10:47:38;Admin;2026-02-17 15:08:53.031046;MASSY;f;;;1;0;0.00000000;297.34306650;t;0;0.0000;0.0000;;;;0;0;0;f;f;0;0.00000000;;f;f;0.00000000;f
259;72b3a0b3-447e-4f9b-ae55-55e53514a221;PTRE800;Formule pour le produit  PIED METAL EXTANTION  T REUNION MAXI/ECO M 80;;259;2024-01-12 18:10:27;Admin;2026-06-01 15:35:24.506469;MASSY;f;;;2;0;26.90000000;1095.08239000;t;0;0.0000;0.0000;;;;0;0;0;f;f;0;0.00000000;;f;f;0.00000000;f
392;;CJADS1600;Formule pour le produit   CACHES JUPES ADIDAS 160;;392;2025-02-03 20:06:35;Admin;;;;;;0;;;;t;;;;;;;;;;;;;;;;;;
394;;ECOOOOO;Formule pour le produit  ECO XXXXXXXXXXXXXXXXXXXXXXXXXXXXXXXXXXXXX;;394;2025-02-08 14:17:38;Admin;;;;;;0;;;;t;;;;;;;;;;;;;;;;;;
396;;P3400B;Formule pour le produit   PIED METAL ECO M 60   BLANC ;;396;2025-08-03 14:02:19;Admin;;;;;;0;;;;t;;;;;;;;;;;;;;;;;;
397;;P3400N;Formule pour le produit  PIED METAL ECO M 60  NOIRE;;397;2025-08-03 14:03:13;Admin;;;;;;0;;;;t;;;;;;;;;;;;;;;;;;
399;;TL16080;Formule pour le produit  TABLE DE LECTURE  PLAT 160/80;;399;2025-08-03 15:31:10;Admin;;;;;;0;;;;t;;;;;;;;;;;;;;;;;;
402;;P41120;Formule pour le produit  STRUCTURE METALIQUE  Z ONE 120;;402;2025-08-05 15:39:35;Admin;;;;;;0;;;;t;;;;;;;;;;;;;;;;;;
403;;P41140;Formule pour le produit  STRUCTURE METALIQUE  Z ONE 140;;403;2025-08-05 15:39:35;Admin;;;;;;0;;;;t;;;;;;;;;;;;;;;;;;
404;;P41160;Formule pour le produit  STRUCTURE METALIQUE  Z ONE 160;;404;2025-08-05 15:39:35;Admin;;;;;;0;;;;t;;;;;;;;;;;;;;;;;;
405;;P41180;Formule pour le produit  STRUCTURE METALIQUE  Z ONE 180;;405;2025-08-05 15:39:35;Admin;;;;;;0;;;;t;;;;;;;;;;;;;;;;;;
406;;RFRT180;Formule pour le produit  RENFORT ECO MAXI 180;;406;2025-08-12 14:15:15;Admin;;;;;;0;;;;t;;;;;;;;;;;;;;;;;;
407;;STG120;Formule pour le produit   STRUCTURE METALIQUE GAMER 120;;407;2025-08-13 13:59:58;Admin;;;;;;0;;;;t;;;;;;;;;;;;;;;;;;
408;;STG140;Formule pour le produit  STRUCTURE METALIQUE GAMER 140;;408;2025-08-13 14:05:59;Admin;;;;;;0;;;;t;;;;;;;;;;;;;;;;;;
410;;STG160;Formule pour le produit  STRUCTURE METALIQUE GAMER 160;;410;2025-08-13 14:44:45;Admin;;;;;;0;;;;t;;;;;;;;;;;;;;;;;;
411;;CJP0168;Formule pour le produit  CACHES JUPES P/PLAT S 200;;411;2025-08-14 09:41:23;Admin;;;;;;0;;;;t;;;;;;;;;;;;;;;;;;
413;;TEC4100;Formule pour le produit  TABLETTE ECRITOIRE ;;413;2025-08-23 15:22:13;Admin;;;;;;0;;;;t;;;;;;;;;;;;;;;;;;
414;;SCL0016;Formule pour le produit  SOCLE  CHAISE IMPERIAL EPOXY VT;;414;2025-08-23 15:26:38;Admin;;;;;;0;;;;t;;;;;;;;;;;;;;;;;;
416;;TL5090180;Formule pour le produit  TABLE DE LECTURE 50 X 50  90 X 180;;416;2025-08-23 16:00:25;Admin;;;;;;0;;;;t;;;;;;;;;;;;;;;;;;
418;;RNFZ1595;"Formule pour le produit  RENFORT  Z ONE 180
";;418;2025-08-24 11:08:01;Admin;;;;;;0;;;;t;;;;;;;;;;;;;;;;;;
419;;RNFZ1395;"Formule pour le produit  RENFORT Z  ONE 160
";;419;2025-08-24 11:08:01;Admin;;;;;;0;;;;t;;;;;;;;;;;;;;;;;;
420;;PH35;Formule pour le produit  PIED METAL MAXI  H;;420;2025-08-25 13:47:49;Admin;;;;;;0;;;;t;;;;;;;;;;;;;;;;;;
421;;PS34001;Formule pour le produit   PIED METAL  ECO M 60    SOUDEE       80 X 40     ;;421;2025-08-25 14:02:26;Admin;;;;;;0;;;;t;;;;;;;;;;;;;;;;;;
424;;TUM6040;Formule pour le produit  TABLE U MODERNE 60X40 90 X 80;;424;2025-08-25 15:10:24;Admin;;;;;;0;;;;t;;;;;;;;;;;;;;;;;;
425;;TEX6040;Formule pour le produit   TABLE EXTERIEUR AVEC BANC  60X40 160X80;;425;2025-08-25 15:56:37;Admin;;;;;;0;;;;t;;;;;;;;;;;;;;;;;;
428;;TA50PLTMLM250150;Formule pour le produit  TABLE D'ARCHIVE AVEC PLAT 50x50 M 150 X 250;;428;2025-08-25 16:34:28;Admin;;;;;;0;;;;t;;;;;;;;;;;;;;;;;;
429;;TRALS5050;Formule pour le produit   TABLE DE REUNION ATLAS AVEC P CENTRAL 50x50 M 150 X 260;;429;2025-08-25 17:42:52;Admin;;;;;;0;;;;t;;;;;;;;;;;;;;;;;;
431;;TRDMLM150;Formule pour le produit  TABLE ROND PIED METAL PLT MLM 150 BAROK ;;431;2025-08-26 13:39:45;Admin;;;;;;0;;;;t;;;;;;;;;;;;;;;;;;
432;;SIMPTRP;Formule pour le produit  SOCLE  IMPERIAL TRIPLETTE LUXE  EPOXY ;;432;2025-08-26 14:36:04;Admin;;;;;;0;;;;t;;;;;;;;;;;;;;;;;;
433;;STMXHG160;Formule pour le produit  STRUCTURE METALIQUE MAXI H GAMER 160;;433;2025-08-26 15:39:34;Admin;;;;;;0;;;;t;;;;;;;;;;;;;;;;;;
435;;STMXHG140;Formule pour le produit  STRUCTURE METALIQUE MAXI H GAMER 140;;435;2025-08-26 15:42:11;Admin;;;;;;0;;;;t;;;;;;;;;;;;;;;;;;
436;;STMXHG120;Formule pour le produit  STRUCTURE METALIQUE MAXI H GAMER 120;;436;2025-08-26 15:43:07;Admin;;;;;;0;;;;t;;;;;;;;;;;;;;;;;;
439;;SUPRET;Formule pour le produit   SUPPORT RETOUR ;;439;2025-09-03 17:24:40;Admin;;;;;;0;;;;t;;;;;;;;;;;;;;;;;;
443;;P35001;Formule pour le produit  PIED METAL MAXI 4x2  M60;;443;2025-09-12 12:12:15;Admin;;;;;;0;;;;t;;;;;;;;;;;;;;;;;;
449;;PSMLAB68;Formule pour le produit  PIED METAL LABO  M 68    SOUDEE            ;;449;2025-09-20 12:19:47;Admin;;;;;;0;;;;t;;;;;;;;;;;;;;;;;;
450;;PSLAB88;Formule pour le produit  PIED METAL LABO  M 88    SOUDEE            ;;450;2025-09-20 12:27:58;Admin;;;;;;0;;;;t;;;;;;;;;;;;;;;;;;
452;;CJP048;Formule pour le produit  CACHES JUPES P/PLAT 80;;452;2025-09-20 13:02:30;Admin;;;;;;0;;;;t;;;;;;;;;;;;;;;;;;
453;;PSLAB 4030;Formule pour le produit   PIED METAL LABO  M 55    SOUDEE            ;;453;2025-09-20 15:00:19;Admin;;;;;;0;;;;t;;;;;;;;;;;;;;;;;;
454;;PSLAB4030C;Formule pour le produit  PIED METAL LABO  M 55    SOUDEE            ;;454;2025-09-20 15:08:57;Admin;;;;;;0;;;;t;;;;;;;;;;;;;;;;;;
455;;PHMAXIRFT;Formule pour le produit  PIED METAL MAXI  H echantion ;;455;2025-09-28 14:46:27;Admin;;;;;;0;;;;t;;;;;;;;;;;;;;;;;;
456;;STRTSHB;Formule pour le produit   STRUCTURE METALIQUE TABLE SCOLAIRE HB;;456;2025-09-28 14:57:48;Admin;;;;;;0;;;;t;;;;;;;;;;;;;;;;;;
457;;P3845;"Formule pour le produit  PIED METAL TRAPEZ     M 45 ROTEUR
";;457;2025-09-28 16:32:36;Admin;;;;;;0;;;;t;;;;;;;;;;;;;;;;;;
460;;TR6040MIXT;Formule pour le produit   TABLE DE REUNION ATLAS AVEC P CENTRAL M 120 X 360;;460;2025-10-04 15:18:47;Admin;;;;;;0;;;;t;;;;;;;;;;;;;;;;;;
461;;TRMIXT;Formule pour le produit   TABLE DE REUNION ATLAS  M 80 X 200;;461;2025-10-04 15:38:38;Admin;;;;;;0;;;;t;;;;;;;;;;;;;;;;;;
464;;TL5080140;Formule pour le produit  TABLE DE LECTURE 50 X 50  80 X 140;;464;2025-10-10 11:24:21;Admin;;;;;;0;;;;t;;;;;;;;;;;;;;;;;;
466;;TL14080;Formule pour le produit  TABLE DE LECTURE  PLAT 140/80;;466;2025-10-10 11:45:52;Admin;;;;;;0;;;;t;;;;;;;;;;;;;;;;;;
467;;TABB140;"Formule pour le produit  TABLE BREIFING P/PLAT 140
";;467;2025-10-10 11:47:24;Admin;;;;;;0;;;;t;;;;;;;;;;;;;;;;;;
468;c24482a8-461c-4d32-9ce5-04bf414e766a;P35H 2;Formule pour le produit  PIED METAL MAXI 2  H;;468;2025-10-11 13:22:32;Admin;2025-10-13 12:32:28.657358;admin;f;;;3;0;23.40000000;1334.36400000;t;0;0.0000;0.0000;;;;0;0;0;f;f;0;0.00000000;;f;f;0.00000000;f
1;9aed143b-9d32-4861-b86f-9757e5ef0913;000001;Formule pour le produit   STRUCTURE MIXTE STATION 04 POSTE 120*240;;472;2025-10-15 12:41:04.813671;admin;2025-10-15 12:54:45.136332;admin;f;;;2;0;-2.00000000;4089.19500000;t;0;0.0000;0.0000;;;;0;0;0;f;f;0;0.00000000;;f;f;0.00000000;f
448;bd4c3fa2-1b5e-4d8f-bcc2-359d37fe6921;SCHSCLR;Formule pour le produit  SOCLE  CHAISE SCOLAIREL EPOXY VT;;448;2025-09-17 13:14:39;Admin;2025-10-27 18:26:53.24798;MASSY;f;;;1;0;8.39500000;824.32761550;t;0;0.0000;0.0000;;;;0;0;0;f;f;0;0.00000000;;f;f;0.00000000;f
465;e8d0604c-5d5b-4511-a7d0-6588eff9ed44;TABB002;"Formule pour le produit  PIED METAL TABLE BREIFING P/PLAT 140
";;465;2025-10-10 11:25:47;Admin;2025-11-17 09:25:10.57599;admin;f;;;1;0;4.30000000;2179.73181500;t;0;0.0000;0.0000;;;;0;0;0;f;f;0;0.00000000;;f;f;0.00000000;f
447;f0d28850-46fe-45f4-9367-30768ce18e38;STSCLRGM;Formule pour le produit  STRUCTURE METALIQUE TABLE SCOLAIRE GM;;447;2025-09-17 12:37:54;Admin;2026-06-01 14:53:34.718859;MASSY;f;;;1;0;10.00000000;959.48782500;t;0;0.0000;0.0000;;;;0;0;0;f;f;0;0.00000000;;f;f;0.00000000;f
45;4379fd88-79ce-447a-bc26-796cca5fc7ef;CJP0088;Formule pour le produit  CACHES JUPES P/PLAT S 120;;45;2024-01-06 14:19:37;Admin;2025-10-15 16:48:57.285611;admin;f;;;1;0;4.60000000;677.26700000;t;0;0.0000;0.0000;;;;0;0;0;f;f;0;0.00000000;;f;f;0.00000000;f
3;966cd174-6634-4b02-8d5f-ecb3cd63d2bd;000003;Formule pour le produit  CACHE JUPE GAMER   120 BLANC;;71;2025-10-18 16:28:51.675808;admin;2025-10-18 16:34:17.634988;admin;f;;;2;0;0.85300000;334.40444000;t;0;0.0000;0.0000;;;;0;0;0;f;f;0;0.00000000;;f;f;0.00000000;f
4;f868cf42-edac-44fd-99d4-1250dbbb977d;000004;Formule pour le produit   BANC EXTERIEUR 160;;485;2025-10-25 10:49:34.396438;MASSY;2025-10-25 11:18:03.232292;MASSY;f;;;3;0;0.15000000;1924.12800000;t;0;0.0000;0.0000;;;;0;0;0;f;f;0;0.00000000;;f;f;0.00000000;f
5;93c0e5f3-4d36-456a-90b5-271b6aec9fab;000005;Formule pour le produit   TABLE DE REUNION ATLAS  M 100 X 200;;486;2025-10-25 12:51:25.846853;MASSY;2025-10-25 13:28:24.78294;MASSY;f;;;4;0;31.53000000;3369.34949500;t;0;0.0000;0.0000;;;;0;0;0;f;f;0;0.00000000;;f;f;0.00000000;f
78;f2767fff-75bf-448c-ada3-d089649aaaa2;PTR0800;Formule pour le produit  PIED METAL TABLE DE REUNION     MAXI   M 80;;78;2024-01-06 14:19:41;Admin;2025-10-27 18:06:47.463764;MASSY;f;;;2;0;39.90000000;2642.48185500;t;0;0.0000;0.0000;;;;0;0;0;f;f;0;0.00000000;;f;f;0.00000000;f
6;8d7f794e-47cc-4736-85f6-2dc8761298e6;000006;Formule pour le produit   STRUCTURE TABLE MANGER M110*110;;487;2025-10-25 13:10:55.476352;MASSY;2025-10-27 18:35:48.567535;MASSY;f;;;3;0;29.20000000;2656.57839500;t;0;0.0000;0.0000;;;;0;0;0;f;f;0;0.00000000;;f;f;0.00000000;f
488;6da15c38-8e36-48a5-a2b2-d92036e76eba;000026;FORMULLE POUR TRIPLLETTE G021;;384;2025-12-07 10:43:02.340556;MASSY;2026-03-25 13:33:23.621936;MASSY;f;;;3;0;89.29600000;4164.23963240;t;0;0.0000;0.0000;;;;0;0;0;f;f;0;0.00000000;;f;f;0.00000000;f
385;077d26a9-1629-4114-8ba7-f0018194ef3b;PMZ1200;Formule pour le produit  STRUCTURE MEGA Z 120;;385;2025-01-27 13:23:00;Admin;2025-11-09 12:05:05.758831;MASSY;f;;;1;0;0.00000000;2835.96010000;t;0;0.0000;0.0000;;;;0;0;0;f;f;0;0.00000000;;f;f;0.00000000;f
470;c88ede97-f242-46cc-b3c6-5416957190c4;000008;COMPOSITION ;;496;2025-11-11 10:06:18.632469;admin;2025-11-11 10:06:42.568566;admin;f;;;2;0;4.00000000;9172.72200000;t;0;0.0000;0.0000;;;;0;0;0;f;f;0;0.00000000;;f;f;0.00000000;f
289;8ab4d92d-3776-48e1-86c1-e0802c3bd132;PTRE1200;Formule pour le produit   PIED METAL EXTANTION  T REUNION MAXI/ECO M 120;;289;2025-01-02 14:30:09;Admin;2025-11-12 13:40:38.268723;MASSY;f;;;1;0;29.61000000;2063.56195300;t;0;0.0000;0.0000;;;;0;0;0;f;f;0;0.00000000;;f;f;0.00000000;f
471;22944491-a71c-444d-8c6a-223b75563e90;000009;COMP ECO AVEC PLATEAU;;498;2025-11-12 15:41:19.857445;admin;2025-11-12 15:41:37.587611;admin;f;;;2;0;3.00000000;4174.54230000;t;0;0.0000;0.0000;;;;0;0;0;f;f;0;0.00000000;;f;f;0.00000000;f
472;e70bc215-a32e-42eb-9e4f-b30de62f24f2;000010;COMPO CJP 160 TL 10;;500;2025-11-13 16:17:25.784926;admin;2025-11-13 16:18:13.183971;admin;f;;;2;0;3.60000000;897.62563000;t;0;0.0000;0.0000;;;;0;0;0;f;f;0;0.00000000;;f;f;0.00000000;f
476;63d0d8f8-95c6-4ca8-b6da-3f95207e0f0e;000014;"CURVIA FORME ""C""";;509;2025-11-20 15:21:18.266687;admin;2025-11-20 15:22:59.117656;admin;f;;;2;0;-0.30000000;1631.00685000;t;0;0.0000;0.0000;;;;0;0;0;f;f;0;0.00000000;;f;f;0.00000000;f
279;35253dd6-40da-4566-9153-07f406c515e2;P41R00;Formule pour le produit  PIED METAL Z ONE R;;279;2025-01-02 13:03:51;Admin;2025-11-20 14:33:08.459042;admin;f;;;1;0;44.40000000;1877.93126000;t;0;0.0000;0.0000;;;;0;0;0;f;f;0;0.00000000;;f;f;0.00000000;f
417;aa295f83-4a78-4dfe-9e9e-5eb6b2ee79c1;P41000;Formule pour le produit  PIED METAL Z ONE;;417;2025-08-24 11:03:35;Admin;2025-11-20 14:38:44.131404;admin;f;;;2;0;36.40000000;1844.80926000;t;0;0.0000;0.0000;;;;0;0;0;f;f;0;0.00000000;;f;f;0.00000000;f
475;3a89b383-7cdc-4250-8100-c316a38b227a;000013;Formule pour le produit  PIED METAL STATION MAXI 2  M 110;;507;2025-11-20 14:43:23.072947;admin;2025-11-20 14:43:53.96684;admin;f;;;2;0;0.00000000;3037.43465500;t;0;0.0000;0.0000;;;;0;0;0;f;f;0;0.00000000;;f;f;0.00000000;f
474;595bc26f-f0b3-4c5b-859d-cd28166956b4;000012;TABLE DE REUNION CURVIA M100;;506;2025-11-20 14:39:38.312521;admin;2025-11-20 14:46:50.732628;admin;f;;;3;0;39.35000000;2480.03470000;t;0;0.0000;0.0000;;;;0;0;0;f;f;0;0.00000000;;f;f;0.00000000;f
479;4720c60b-997a-4232-b7e3-ac6956d063e4;000017;Formule pour le produit  CACHES JUPES P/PLAT 200;;497;2025-11-24 16:17:25.248712;admin;2025-11-24 16:18:01.41543;admin;f;;;2;0;0.00000000;801.48509500;t;0;0.0000;0.0000;;;;0;0;0;f;f;0;0.00000000;;f;f;0.00000000;f
477;e0bf9475-5afa-4ecb-ac0d-924d325270a2;000015;Formule pour le produit  CACHES JUPES P/PLAT 570;;508;2025-11-20 15:52:00.130609;admin;2025-11-20 15:52:41.282616;admin;f;;;2;0;0.00000000;555.02317600;t;0;0.0000;0.0000;;;;0;0;0;f;f;0;0.00000000;;f;f;0.00000000;f
473;3c398f42-1cfe-4297-a32d-be8ebc7f7cb8;000011;CURVIA ;;505;2025-11-20 13:17:27.064109;admin;2025-11-20 21:40:55.269866;admin;f;;;4;0;31.20000000;2241.65265500;t;0;0.0000;0.0000;;;;0;0;0;f;f;0;0.00000000;;f;f;0.00000000;f
478;0fdbabdd-ccf5-481a-aee7-c86a8b77649d;000016;Formule pour le produit  PIED METAL TABLE BREIFING P/PLAT 150;;510;2025-11-24 16:05:59.57378;admin;2025-11-24 16:06:30.761861;admin;f;;;2;0;0.00000000;2179.73181500;t;0;0.0000;0.0000;;;;0;0;0;f;f;0;0.00000000;;f;f;0.00000000;f
481;9a676a85-12a5-445e-982b-18952585f7f2;000019;Formule pour le produit  CHAISE IMPERIAL QUADRUPLETTE LUXE TISSU EPOXY ;;511;2025-11-27 15:46:44.349996;admin;2025-11-27 15:48:06.440992;admin;f;;;3;0;5.00000000;5996.22240000;t;0;0.0000;0.0000;;;;0;0;0;f;f;0;0.00000000;;f;f;0.00000000;f
483;1b097a95-c51b-4fba-bba2-2951a8d4ed68;000021;Formule pour le produit  CACHES JUPES P/PLAT 60;;514;2025-11-29 09:06:31.998569;admin;2025-11-29 09:07:05.105422;admin;f;;;2;0;0.00000000;555.02317600;t;0;0.0000;0.0000;;;;0;0;0;f;f;0;0.00000000;;f;f;0.00000000;f
480;39d09fdb-7d70-47b6-bedc-eade8f4af927;000018;Formule pour le produit  SOCLE  IMPERIAL QUADRUPLETTE LUXE  EPOXY;;512;2025-11-27 15:43:00.01507;admin;2025-11-29 09:22:27.550099;FAHIM;f;;;5;0;68.70000000;3443.46659500;t;0;0.0000;0.0000;;;;0;0;0;f;f;0;0.00000000;;f;f;0.00000000;f
484;b689e6ba-1bcb-454e-a434-5479bdf42019;000022;FORMULLE POUR DOUBLLETTE G021;;515;2025-11-29 09:41:49.005476;FAHIM;2025-12-07 11:11:45.186202;MASSY;f;;;6;0;107.59600000;3294.09841000;t;0;0.0000;0.0000;;;;0;0;0;f;f;0;0.00000000;;f;f;0.00000000;f
444;f42eea07-ee36-4859-ab95-8c508303e43a;CHCANADA;Formule pour le produit  CHAISE VISITEUR CANADA EPOXY;;444;2025-09-12 13:42:17;Admin;2025-12-08 12:25:19.310339;MASSY;f;;;6;0;50.97300000;2509.93424000;t;0;0.0000;0.0000;;;;0;0;0;f;f;0;0.00000000;;f;f;0.00000000;f
451;d181c3d4-4d72-4242-bf88-21837771ca43;P34002;Formule pour le produit   PIED METAL ECO M 45;;451;2025-09-20 12:37:28;Admin;2025-12-08 18:12:50.608216;MASSY;f;;;2;0;32.41100000;1410.84716690;t;0;0.0000;0.0000;;;;0;0;0;f;f;0;0.00000000;;f;f;0.00000000;f
486;06652aaa-2f78-4400-a880-b8f3816de1e9;000024;FORMULLE POUR TRIPLLETTE CANADA;;522;2025-12-07 09:37:29.667282;MASSY;2025-12-07 11:48:47.140559;MASSY;f;;;5;0;95.47600000;4425.24761000;t;0;0.0000;0.0000;;;;0;0;0;f;f;0;0.00000000;;f;f;0.00000000;f
482;1e9cd937-6f96-4c84-83be-13dab5f7dab9;000020;Formule pour le produit  PIED METAL ECO M 50;;513;2025-11-29 09:03:31.79652;admin;2025-12-08 18:14:28.913989;MASSY;f;;;3;0;-0.05000000;1528.41506500;t;0;0.0000;0.0000;;;;0;0;0;f;f;0;0.00000000;;f;f;0.00000000;f
286;8e7da357-6c0e-4365-ba28-3a3fc2da4024;CJP098N;Formule pour le produit  CACHES JUPES P/PLAT 120;;286;2025-01-02 14:09:09;Admin;2026-06-01 15:23:55.56614;MASSY;f;;;2;0;0.75000000;670.71798200;t;0;0.0000;0.0000;;;;0;0;0;f;f;0;0.00000000;;f;f;0.00000000;f
487;d9e1a507-a65c-476c-93e8-b0c71ad27f9f;000025;FORMULLE POUR TRIPLLETTE G 020;;528;2025-12-07 10:05:38.742617;MASSY;2026-03-28 18:59:19.593791;MASSY;f;;;3;0;11.65000000;8930.61418500;t;0;0.0000;0.0000;;;;0;0;0;f;f;0;0.00000000;;f;f;0.00000000;f
469;144385fc-5738-4da8-80e4-ff0244880fe9;000007;ECHA;;490;2025-11-05 19:49:07.686245;MASSY;2026-04-13 11:06:47.222465;MASSY;f;;;6;0;20.42333320;1952.30642517;t;0;0.0000;0.0000;;;;0;0;0;f;f;0;0.00000000;;f;f;0.00000000;f
62;2051ecd5-d49a-4c52-a2d5-361f5f4ef4de;P34000;Formule pour le produit  PIED METAL ECO M 60 ;;62;2024-01-06 14:19:39;Admin;2026-06-13 14:39:49.952664;MASSY;f;;;3;0;27.65000000;1600.13129500;t;0;0.0000;0.0000;;;;0;0;0;f;f;0;0.00000000;;f;f;0.00000000;f
490;8db126a6-bcca-4e5a-b8f0-17e91fee1a5d;000028;Formule pour le produit  CHAISE VISITEUR G 021;;534;2025-12-07 10:58:45.110817;MASSY;2025-12-07 11:04:36.466843;MASSY;f;;;3;0;44.67300000;2163.39024000;t;0;0.0000;0.0000;;;;0;0;0;f;f;0;0.00000000;;f;f;0.00000000;f
491;6715fe2f-7030-4ec5-b738-81a560dbe700;000029;FORMULLE POUR DOUBLLETTE CANADA;;521;2025-12-07 11:15:37.034206;MASSY;2025-12-07 11:46:02.263107;MASSY;f;;;4;0;71.84600000;3236.70121000;t;0;0.0000;0.0000;;;;0;0;0;f;f;0;0.00000000;;f;f;0.00000000;f
489;d0d21398-be7d-4f99-b2b5-462e8ceea427;000027;Formule pour le produit  CHAISE VISITEUR G 020;;532;2025-12-07 10:50:58.282514;MASSY;2026-09-05 16:47:38.283556;MASSY;f;;;5;0;32.83000000;2193.88105910;t;0;0.0000;0.0000;;;;0;0;0;f;f;0;0.00000000;;f;f;0.00000000;f
492;f93602e1-c230-44f7-86ce-9d656add8637;000030;FORMULLE POUR DOUBLLETTE G 020;;529;2025-12-07 11:23:00.771204;MASSY;2025-12-07 11:30:46.087639;MASSY;f;;;2;0;55.44600000;2901.46401000;t;0;0.0000;0.0000;;;;0;0;0;f;f;0;0.00000000;;f;f;0.00000000;f
493;96b36d04-a2d2-4c31-8a92-c57591738419;000031;STRUCTURE TABLE BASSE ROND;;533;2025-12-07 12:18:43.628072;MASSY;2025-12-07 12:20:54.150256;MASSY;f;;;2;0;14.38000000;1608.91780400;t;0;0.0000;0.0000;;;;0;0;0;f;f;0;0.00000000;;f;f;0.00000000;f
494;abe3f3e9-cbf4-4691-8beb-0e1ab85ec465;000032;STRUCTURE TABLE HAUTE ROND;;540;2025-12-07 12:29:00.798775;MASSY;2025-12-07 12:30:17.816559;MASSY;f;;;2;0;0.12000000;1772.99130000;t;0;0.0000;0.0000;;;;0;0;0;f;f;0;0.00000000;;f;f;0.00000000;f
497;a367ed19-322a-4881-b68e-35a7f5b7a7cf;000035;STRUCTURE TABLE BASSE CONIQUE ;;518;2025-12-08 17:11:18.645909;MASSY;2025-12-08 17:13:20.627313;MASSY;f;;;2;0;9.95000000;1151.13386000;t;0;0.0000;0.0000;;;;0;0;0;f;f;0;0.00000000;;f;f;0.00000000;f
496;c9261baf-0987-4e11-ab67-c197a29c35f8;000034;STRUCTURE TABLE GIGONNE C;;537;2025-12-08 16:57:29.021594;MASSY;2025-12-08 17:18:26.536316;MASSY;f;;;4;0;47.70000000;1479.45029000;t;0;0.0000;0.0000;;;;0;0;0;f;f;0;0.00000000;;f;f;0.00000000;f
501;9be0b1e3-3f7b-4fee-8bc9-d6688feea526;000039;Formule pour le produit  CACHE JUPE PIANO 160 / 180;;525;2025-12-21 17:50:17.276543;FAHIM;2026-07-08 13:22:05.958443;MASSY;f;;;4;0;2.69900000;431.23835500;t;0;0.0000;0.0000;;;;0;0;0;f;f;0;0.00000000;;f;f;0.00000000;f
498;8d6589d8-c910-4277-9a3d-18ba97d46826;000036;STRUCTEUR BANQUETTE 140;;543;2025-12-13 10:27:04.736263;MASSY;2025-12-13 10:40:22.775899;MASSY;f;;;2;0;10.35000000;4322.00000000;t;0;0.0000;0.0000;;;;0;0;0;f;f;0;0.00000000;;f;f;0.00000000;f
499;2a03c41e-7b74-4631-8aa0-edf353a31401;000037;STRUCTURE BUR HOTEL GOLD;;544;2025-12-13 10:48:20.164409;MASSY;2025-12-13 10:51:24.305337;MASSY;f;;;2;0;6.35000000;1761.70582000;t;0;0.0000;0.0000;;;;0;0;0;f;f;0;0.00000000;;f;f;0.00000000;f
500;b02f2500-b5be-4508-a935-5c72e8aa72f5;000038;   TABLE EXTERIEUR   60X40 160X80;;546;2025-12-14 18:06:02.013905;MASSY;2025-12-14 18:08:15.107395;MASSY;f;;;2;0;10.70000000;2653.29363000;t;0;0.0000;0.0000;;;;0;0;0;f;f;0;0.00000000;;f;f;0.00000000;f
503;c5b5e6c1-8d50-4ead-9c2f-456dc0ca3441;000041;STRUCTURE CHAISE JARDIN;;556;2025-12-22 16:48:09.797961;MASSY;2025-12-22 16:53:45.473662;MASSY;f;;;2;0;17.71500000;2094.20486350;t;0;0.0000;0.0000;;;;0;0;0;f;f;0;0.00000000;;f;f;0.00000000;f
505;b71bbf41-af7c-45b2-b047-6e2acf61fd8c;000043;TRM 360 X 140 BAROK PIED METALIQUE;;567;2026-02-07 12:31:46.005913;MASSY;2026-02-07 12:32:33.24947;MASSY;f;;;2;0;8.00000000;25661.55960000;t;0;0.0000;0.0000;;;;0;0;0;f;f;0;0.00000000;;f;f;0.00000000;f
506;cb6f6d87-eb6b-4f21-a8ff-016896a6dd7b;000044;BUREAU 140 X 70 PIED METAL DEUX TIROIRS FIX;;570;2026-02-07 13:27:25.714451;MASSY;2026-02-07 13:27:51.910892;MASSY;f;;;2;0;4.00000000;9768.02150000;t;0;0.0000;0.0000;;;;0;0;0;f;f;0;0.00000000;;f;f;0.00000000;f
509;ea49290c-9c18-4230-a6ff-36523dac5b0f;000047;Formule pour le produit  SOCLE  CHAISE CANADA EPOXY ;;597;2026-02-28 12:20:09.526551;MASSY;2026-02-28 12:24:49.724934;MASSY;f;;;3;0;2.79500000;659.62997450;t;0;0.0000;0.0000;;;;0;0;0;f;f;0;0.00000000;;f;f;0.00000000;f
510;9ee27c2b-3725-423f-9f22-ed2fe4467f05;000048;Formule pour le produit  SOCLE  CHAISE G 021;;598;2026-02-28 12:27:45.98388;MASSY;2026-09-09 13:33:48.041228;MASSY;f;;;5;0;2.59500000;688.79326900;t;0;0.0000;0.0000;;;;0;0;0;f;f;0;0.00000000;;f;f;0.00000000;f
514;2c2832a7-c1be-4b40-8566-d1a547357012;000052;Formule pour le produit  TABLE DE LECTURE 60 X 30 M45 X 70;;615;2026-03-28 17:38:07.594084;MASSY;2026-03-28 17:41:58.670077;MASSY;f;;;3;0;0.00000000;1540.87286200;t;0;0.0000;0.0000;;;;0;0;0;f;f;0;0.00000000;;f;f;0.00000000;f
513;63afb60b-fc4c-4a3c-a254-dcdfeb3439d9;000051;Formule pour le produit  TABLE DE LECTURE 60 X 30 M45 X 130;;616;2026-03-28 17:36:28.699993;MASSY;2026-03-28 17:44:29.411254;MASSY;f;;;3;0;0.00000000;1671.31816200;t;0;0.0000;0.0000;;;;0;0;0;f;f;0;0.00000000;;f;f;0.00000000;f
511;f1093c49-6e32-4f48-9a8a-8f0b6f4ca16a;000049;Formule pour le produit  SOCLE  CHAISE G 020;;599;2026-02-28 12:29:30.686885;MASSY;2026-03-28 18:37:41.000624;MASSY;f;;;5;0;-0.03000000;714.60216750;t;0;0.0000;0.0000;;;;0;0;0;f;f;0;0.00000000;;f;f;0.00000000;f
512;3c3bfd0d-ac04-40ce-8994-3115f451aa91;000050;"Formule pour le produit  TABLE DE LECTURE 60 X 30 60 X 120
";;614;2026-03-25 13:05:16.203341;MASSY;2026-03-28 17:36:09.184707;MASSY;f;;;6;0;14.36000000;1702.38571200;t;0;0.0000;0.0000;;;;0;0;0;f;f;0;0.00000000;;f;f;0.00000000;f
516;17c44561-f834-435b-9ec8-0c44aacffbab;000054;Formule pour le produit STRUCTURE TABLE DE LECTURE 40 X 40 M90*1900;;637;2026-04-15 10:14:58.385156;MASSY;2026-04-15 10:36:37.020303;MASSY;f;;;3;0;23.60000000;2968.56812000;t;0;0.0000;0.0000;;;;0;0;0;f;f;0;0.00000000;;f;f;0.00000000;f
518;e23659d3-ecdc-44a8-ba3a-3b55b5bfe4db;000056;Formule pour le produit STRUCTURE TABLE DE LECTURE 40 X 40 M70 x1200 sd;;585;2026-04-25 15:20:00.553373;MASSY;2026-04-25 15:20:56.280849;MASSY;f;;;2;0;0.00000000;2968.56812000;t;0;0.0000;0.0000;;;;0;0;0;f;f;0;0.00000000;;f;f;0.00000000;f
517;41187efd-dadf-4c4e-a8be-46a506681654;000055;TABLE MICRO 900*800;;640;2026-04-22 13:53:06.661363;MASSY;2026-04-22 14:08:41.305788;MASSY;f;;;3;0;6.00000000;6224.52410000;t;0;0.0000;0.0000;;;;0;0;0;f;f;0;0.00000000;;f;f;0.00000000;f
515;f7b9a681-c82c-4441-b9fe-0bddda7c5782;000053;Formule pour le produit  PIED METAL TABLE BREIFING P/PLAT 100;;97;2026-04-11 15:50:53.300074;MASSY;2026-04-11 15:51:41.866263;MASSY;f;;;2;0;0.00000000;1972.52771000;t;0;0.0000;0.0000;;;;0;0;0;f;f;0;0.00000000;;f;f;0.00000000;f
331;a7e2777f-237f-46ac-8781-bf9d12698e33;KIT005;Formule pour le produit  KIT CHAISE IMPERIAL  REMBOURET  TISSU ;;331;2025-01-08 10:49:29;Admin;2026-04-29 12:00:35.315609;MASSY;f;;;3;0;0.00000000;818.30060000;t;0;0.0000;0.0000;;;;0;0;0;f;f;0;0.00000000;;f;f;0.00000000;f
519;b637e844-9059-4b7b-b0a6-8caf84e05661;000057;Formule pour le produit  TABLE DE LECTURE 50 X 50  80 X 180;;660;2026-05-13 13:10:34.871241;MASSY;2026-05-13 13:21:36.293312;MASSY;f;;;4;0;30.80000000;2652.67622000;t;0;0.0000;0.0000;;;;0;0;0;f;f;0;0.00000000;;f;f;0.00000000;f
520;b79366e1-d0bd-42a0-bbc6-545dc1650230;000058;Formule pour le produit STRUCTURE TABLE DE LECTURE 30 X 30 M 65X 110 DEMO;;665;2026-05-21 15:13:48.681698;MASSY;2026-05-21 15:34:38.641657;MASSY;f;;;5;0;30.95000000;2477.34735000;t;0;0.0000;0.0000;;;;0;0;0;f;f;0;0.00000000;;f;f;0.00000000;f
522;d92db47c-b0c7-4705-b0cd-1e3f5d48ff32;000060;Formule pour le produit  TABLE DE LECTURE 60X40 M700X 1400 MODULABLE;;666;2026-05-21 16:12:09.125185;MASSY;2026-05-21 16:50:07.732065;MASSY;f;;;3;0;41.01000000;2308.03763400;t;0;0.0000;0.0000;;;;0;0;0;f;f;0;0.00000000;;f;f;0.00000000;f
523;21d3d102-4314-4820-98e3-1653598502d5;000061;Formule pour le produit STRUCTURE TABLE DE LECTURE 40 X 40 M60 1400 DEMO;;672;2026-06-01 10:35:34.833173;MASSY;2026-06-01 10:40:30.285217;MASSY;f;;;3;0;14.65000000;1948.67511500;t;0;0.0000;0.0000;;;;0;0;0;f;f;0;0.00000000;;f;f;0.00000000;f
524;eda60366-7139-4615-8336-c404a5ff15d7;000062;Formule pour le produit  STATION ATLAS 50 X 50 M100 X115;;687;2026-06-09 14:16:13.403152;MASSY;2026-06-09 14:22:52.927217;MASSY;f;;;2;0;11.32000000;2985.71893400;t;0;0.0000;0.0000;;;;0;0;0;f;f;0;0.00000000;;f;f;0.00000000;f
507;66453348-92a7-4383-a172-d2521299a48a;000045;Formule pour le produit  KIT CND+G21+G20;;571;2026-02-08 14:27:25.835075;MASSY;2026-08-02 15:06:01.432978;MASSY;f;;;15;0;46.57000000;1694.36226600;t;0;0.0000;0.0000;;;;0;0;0;f;f;0;0.00000000;;f;f;0.00000000;f
281;df2c300e-57ea-4520-9d48-ae6110ec5921;P39120140;Formule pour le produit  PIED METAL PIANO   M 70 ;;281;2025-01-02 13:10:43;Admin;2026-07-08 12:15:09.679454;MASSY;f;;;6;0;33.01900000;2609.03157300;t;0;0.0000;0.0000;;;;0;0;0;f;f;0;0.00000000;;f;f;0.00000000;f
502;1d5b1777-1447-4e40-8f20-feb7ca5737ba;000040;Formule pour le produit CAHE JUPE PIANO 120 /140;;526;2025-12-21 17:50:38.945826;FAHIM;2026-07-08 13:22:43.406497;MASSY;f;;;4;0;2.58900000;389.16078100;t;0;0.0000;0.0000;;;;0;0;0;f;f;0;0.00000000;;f;f;0.00000000;f
495;29684d39-1c37-4865-99d2-c273452b5dbf;000033; PIED METAL TABLE DE REUNION /STATION M100;;541;2025-12-08 16:22:21.605651;MASSY;2026-07-08 13:11:48.705242;MASSY;f;;;6;0;42.50900000;3398.38248200;t;0;0.0000;0.0000;;;;0;0;0;f;f;0;0.00000000;;f;f;0.00000000;f
528;fecc56eb-ab24-42bf-8562-dd6a4b3312f0;000066; PIED METAL TABLE DE REUNION /STATION M100- 120/260;;718;2026-07-08 13:13:48.426177;MASSY;2026-07-08 13:15:22.72396;MASSY;f;;;2;0;0.20000000;3474.88716200;t;0;0.0000;0.0000;;;;0;0;0;f;f;0;0.00000000;;f;f;0.00000000;f
529;d8a745bd-e1e0-4866-adb6-0dd9cd6d7bd2;000067; PIED METAL TABLE DE REUNION /STATION M100- 120/280;;717;2026-07-08 13:15:50.199552;MASSY;2026-07-08 13:21:03.280708;MASSY;f;;;2;0;0.10000000;3513.13950200;t;0;0.0000;0.0000;;;;0;0;0;f;f;0;0.00000000;;f;f;0.00000000;f
530;2e95a7a4-4061-4c48-8d62-49b136e9b1fc;000068;porte vase ;;719;2026-07-11 15:32:49.7863;MASSY;2026-07-11 15:34:59.101249;MASSY;f;;;2;0;7.90000000;628.35580000;t;0;0.0000;0.0000;;;;0;0;0;f;f;0;0.00000000;;f;f;0.00000000;f
536;b26143e3-76a9-44fe-8fb1-965515e3bafb;000074;Formule pour le produit  PIED METAL  ECO FORME O M 48   SOUDEE            ;;762;2026-08-22 16:39:40.378225;MASSY;2026-08-22 16:43:53.296909;MASSY;f;;;3;0;-0.10000000;1479.26847500;t;0;0.0000;0.0000;;;;0;0;0;f;f;0;0.00000000;;f;f;0.00000000;f
533;894b6e83-e3a4-42e0-95f4-768d9fd30b43;000071;Formule pour le produit   TABLE DE REUNION ATLAS  M 115 ;;727;2026-07-26 10:43:06.656854;MASSY;2026-07-26 10:45:53.094168;MASSY;f;;;2;0;30.53000000;2004.43745100;t;0;0.0000;0.0000;;;;0;0;0;f;f;0;0.00000000;;f;f;0.00000000;f
534;95f04577-2df3-44ae-914e-64d61bb6ed41;000072;ESTRADE 2.10*5.60;;753;2026-08-05 13:43:38.511997;MASSY;2026-08-05 13:46:27.53844;MASSY;f;;;2;0;43.50000000;20794.91805000;t;0;0.0000;0.0000;;;;0;0;0;f;f;0;0.00000000;;f;f;0.00000000;f
535;02fe9e9a-53c2-40c5-8e1a-d2966ca317a9;000073;ESTRADE 1.02 X 1.71;;754;2026-08-05 13:58:45.520476;MASSY;2026-08-05 14:03:17.733942;MASSY;f;;;2;0;-12.50000000;4964.84132500;t;0;0.0000;0.0000;;;;0;0;0;f;f;0;0.00000000;;f;f;0.00000000;f
543;408d132b-b3ff-4649-8a0a-1168b94e942b;000081;Formule pour le produit   TABLE DE REUNION ATLAS AVEC P CENTRAL 50x50 M 90 X 280;;767;2026-08-23 12:44:11.700362;MASSY;2026-08-24 10:50:21.452961;MASSY;f;;;4;0;32.55000000;4062.39180500;t;0;0.0000;0.0000;;;;0;0;0;f;f;0;0.00000000;;f;f;0.00000000;f
532;4ff9971e-3ecc-4a38-90d1-4f4ab0135609;000070;CHAISE AMPHIE 200;;741;2026-07-22 11:24:19.932422;MASSY;2026-08-23 11:53:24.494192;MASSY;f;;;6;0;9.40000000;2054.39752500;t;0;0.0000;0.0000;;;;0;0;0;f;f;0;0.00000000;;f;f;0.00000000;f
531;b6a3f1fb-bb71-4e11-b62a-19e448905dd8;000069;TABLE AMPHIE 200;;740;2026-07-22 10:32:58.438964;MASSY;2026-08-23 11:54:03.483258;MASSY;f;;;7;0;10.25000000;2499.71550000;t;0;0.0000;0.0000;;;;0;0;0;f;f;0;0.00000000;;f;f;0.00000000;f
537;4eafebfa-2c5b-48a7-a011-c863c309573c;000075;Formule pour le produit  TABLE SPIDER 1300/800;;763;2026-08-23 11:37:49.664808;MASSY;2026-08-23 12:02:20.381907;MASSY;f;;;3;0;20.40000000;3003.17238000;t;0;0.0000;0.0000;;;;0;0;0;f;f;0;0.00000000;;f;f;0.00000000;f
539;830ce84c-947b-40e1-a66d-a77ab3a70c0d;000077;TABLE CAFETERIA 140 X 70;;766;2026-08-23 12:27:00.848037;MASSY;2026-08-23 12:27:50.675023;MASSY;f;;;2;0;0.00000000;3830.38720000;t;0;0.0000;0.0000;;;;0;0;0;f;f;0;0.00000000;;f;f;0.00000000;f
538;8e754938-29ad-4049-937f-6ccd2ae658cd;000076;TABLE CAFETERIA 110 X 70;;765;2026-08-23 12:18:31.754699;MASSY;2026-08-23 12:28:32.165864;MASSY;f;;;3;0;24.35000000;3748.86592000;t;0;0.0000;0.0000;;;;0;0;0;f;f;0;0.00000000;;f;f;0.00000000;f
540;3c311106-8eef-4fc3-9cdc-f05a8369a0da;000078;TABLE CAFETERIA 70 X 70;;764;2026-08-23 12:28:48.688256;MASSY;2026-08-23 12:32:38.399303;MASSY;f;;;2;0;-0.50000000;3135.63245000;t;0;0.0000;0.0000;;;;0;0;0;f;f;0;0.00000000;;f;f;0.00000000;f
542;81d23fff-6e1f-4a64-8464-8971aa0bc3a2;000080;Formule pour le produit  TABLE DE LECTURE 50 X 50  90 X 180- Copie;;416;2026-08-23 12:37:47.738416;MASSY;;;f;;;1;0;0.00000000;0.00000000;t;0;0.0000;0.0000;;;;0;0;0;f;f;0;0.00000000;;f;f;0.00000000;f
544;770a5fde-703e-41fa-8def-11753d2079bd;000082;Formule pour le produit  PIED METAL ATLAS M 60 X 140;;768;2026-08-24 12:42:36.60386;MASSY;2026-08-24 12:48:30.971946;MASSY;f;;;2;0;35.70000000;2902.67109000;t;0;0.0000;0.0000;;;;0;0;0;f;f;0;0.00000000;;f;f;0.00000000;f
545;0529fb17-8774-4797-94f5-da54c0641e31;000083;Formule pour le produit   TABLE DE REUNION ATLAS  M 60 X 140;;769;2026-08-24 12:50:04.246681;MASSY;2026-08-24 12:52:36.318108;MASSY;f;;;2;0;38.00000000;2201.29695000;t;0;0.0000;0.0000;;;;0;0;0;f;f;0;0.00000000;;f;f;0.00000000;f
550;3f0930d4-f75c-4f92-bf99-ec066cba5a3a;000088;Formule pour le produit  CACHES JUPES P/PLAT 120 TOLE 15;;792;2026-09-03 14:20:20.394668;MASSY;2026-09-03 14:21:47.206857;MASSY;f;;;3;0;4.12000000;1477.84926000;t;0;0.0000;0.0000;;;;0;0;0;f;f;0;0.00000000;;f;f;0.00000000;f
549;59922be3-6da4-48c3-b759-7e2bf29d79ef;000087;Formule pour le produit  PIED METAL  ECO FORME O M 45   SOUDEE            - Copie;;762;2026-09-03 13:42:04.060527;FAHIM;;;f;;;1;0;0.00000000;0.00000000;t;0;0.0000;0.0000;;;;0;0;0;f;f;0;0.00000000;;f;f;0.00000000;f
548;b009e67d-276e-4671-9c1b-739b1b355c8a;000086;Formule pour le produit  PIED METAL  ECO FORME O M 45   SOUDEE            ;;791;2026-09-03 13:18:38.937817;FAHIM;2026-09-03 13:45:14.403744;FAHIM;f;;;8;0;0.00000000;1497.02887500;t;0;0.0000;0.0000;;;;0;0;0;f;f;0;0.00000000;;f;f;0.00000000;f
551;7ad2c78b-f7ab-4eb3-997c-1c1b1d5c079b;000089;Formule pour le produit  CACHES JUPES P/PLAT 180 TOLE 15;;793;2026-09-03 14:22:04.455214;MASSY;2026-09-03 14:27:03.310799;MASSY;f;;;3;0;3.65000000;1572.31157500;t;0;0.0000;0.0000;;;;0;0;0;f;f;0;0.00000000;;f;f;0.00000000;f
552;555928ef-83de-4f69-a646-9b0a64c2e1ad;000090;FORMULLE POUR TRIPLLETTE G021  R 32;;663;2026-09-06 10:00:30.607675;MASSY;2026-09-06 10:40:32.228679;MASSY;f;;;3;0;55.01600000;4204.45554820;t;0;0.0000;0.0000;;;;0;0;0;f;f;0;0.00000000;;f;f;0.00000000;f
546;47e25d2d-893f-4253-8adb-18a469a1d8f7;000084;FORMULLE POUR TRIPLLETTE G021 LUX DEMONTABLE ;;772;2026-08-26 11:31:39.878334;MASSY;2026-09-09 15:44:01.70283;MASSY;f;;;4;0;97.82600000;6303.55105620;t;0;0.0000;0.0000;;;;0;0;0;f;f;0;0.00000000;;f;f;0.00000000;f
